candidate_count,dimension,mu,optimizer_converged,outside_candidate_payers,panel,payer_count,payer_fraction,runtime_seconds,seed,shuffled_label_accuracy,test_accuracy,training_accuracy
7,2,0.0,True,[],accuracy_association,7,0.014,0.01688391697825864,0,0.5084,0.498,0.564
6,2,0.0,True,[],accuracy_association,6,0.012,0.011543874978087842,1,0.5098,0.4934,0.526
35,2,0.0,True,[],accuracy_association,35,0.07,0.05113670800346881,2,0.5084,0.4936,0.514
10,2,0.0,True,[],accuracy_association,10,0.02,0.01622929098084569,3,0.502,0.5004,0.528
43,2,0.0,True,[],accuracy_association,43,0.086,0.06160666700452566,4,0.5044,0.4968,0.53
39,2,0.0,True,[],accuracy_association,39,0.078,0.05669358297018334,5,0.4984,0.5068,0.518
12,2,0.0,True,[],accuracy_association,12,0.024,0.019290041993372142,6,0.5102,0.491,0.54
5,2,0.0,True,[],accuracy_association,5,0.01,0.007846041989978403,7,0.4942,0.5034,0.514
21,2,0.0,True,[],accuracy_association,21,0.042,0.026970624981913716,8,0.4974,0.5006,0.512
11,2,0.0,True,[],accuracy_association,11,0.022,0.019348459027241915,9,0.489,0.5054,0.506
3,2,0.5,True,[],accuracy_association,3,0.006,0.0062991660088300705,0,0.5048,0.6952,0.676
3,2,0.5,True,[],accuracy_association,3,0.006,0.006041999964509159,1,0.4982,0.691,0.712
1,2,0.5,True,[],accuracy_association,1,0.002,0.003998333995696157,2,0.5034,0.6966,0.68
2,2,0.5,True,[],accuracy_association,2,0.004,0.005824125022627413,3,0.5028,0.698,0.644
0,2,0.5,True,[],accuracy_association,0,0.0,0.003063749987632036,4,0.5008,0.6828,0.744
0,2,0.5,True,[],accuracy_association,0,0.0,0.0047716249828226864,5,0.4958,0.7014,0.668
0,2,0.5,True,[],accuracy_association,0,0.0,0.004497915972024202,6,0.4948,0.6964,0.682
0,2,0.5,True,[],accuracy_association,0,0.0,0.0036202920018695295,7,0.5078,0.6822,0.656
4,2,0.5,True,[],accuracy_association,4,0.008,0.009778082952834666,8,0.5044,0.6832,0.724
2,2,0.5,True,[],accuracy_association,2,0.004,0.005187916045542806,9,0.5114,0.689,0.71
1,2,1.0,True,[],accuracy_association,1,0.002,0.004174333997070789,0,0.4978,0.8394,0.842
0,2,1.0,True,[],accuracy_association,0,0.0,0.002808124991133809,1,0.5112,0.8448,0.86
0,2,1.0,True,[],accuracy_association,0,0.0,0.0036578330327756703,2,0.5044,0.8456,0.858
0,2,1.0,True,[],accuracy_association,0,0.0,0.0038080000085756183,3,0.4986,0.8426,0.838
0,2,1.0,True,[],accuracy_association,0,0.0,0.005917124974075705,4,0.506,0.8344,0.846
0,2,1.0,True,[],accuracy_association,0,0.0,0.00549787498312071,5,0.4834,0.8354,0.818
1,2,1.0,True,[],accuracy_association,1,0.002,0.005620958982035518,6,0.49,0.8452,0.86
1,2,1.0,True,[],accuracy_association,1,0.002,0.0040684170089662075,7,0.5094,0.8458,0.834
0,2,1.0,True,[],accuracy_association,0,0.0,0.0025792079977691174,8,0.4948,0.8448,0.786
0,2,1.0,True,[],accuracy_association,0,0.0,0.004889249976258725,9,0.5146,0.8454,0.84
0,2,1.5,True,[],accuracy_association,0,0.0,0.0028093329747207463,0,0.4892,0.9372,0.946
0,2,1.5,True,[],accuracy_association,0,0.0,0.002941708022262901,1,0.5086,0.935,0.94
0,2,1.5,True,[],accuracy_association,0,0.0,0.004939791979268193,2,0.5054,0.9266,0.932
0,2,1.5,True,[],accuracy_association,0,0.0,0.0029464169638231397,3,0.4984,0.9364,0.924
1,2,1.5,True,[],accuracy_association,0,0.0,0.004235917003825307,4,0.4946,0.9286,0.94
0,2,1.5,True,[],accuracy_association,0,0.0,0.00269875000230968,5,0.505,0.933,0.942
0,2,1.5,True,[],accuracy_association,0,0.0,0.003626124991569668,6,0.5078,0.931,0.936
1,2,1.5,True,[],accuracy_association,0,0.0,0.003803167026489973,7,0.4874,0.927,0.936
0,2,1.5,True,[],accuracy_association,0,0.0,0.0023218750138767064,8,0.5094,0.931,0.946
0,2,1.5,True,[],accuracy_association,0,0.0,0.004683291015680879,9,0.5068,0.936,0.932
0,2,2.0,True,[],accuracy_association,0,0.0,0.0041592909838072956,0,0.494,0.978,0.972
0,2,2.0,True,[],accuracy_association,0,0.0,0.003467499976977706,1,0.5108,0.9772,0.976
0,2,2.0,True,[],accuracy_association,0,0.0,0.004435750015545636,2,0.5058,0.9786,0.984
0,2,2.0,True,[],accuracy_association,0,0.0,0.0034240420209243894,3,0.4872,0.9768,0.984
0,2,2.0,True,[],accuracy_association,0,0.0,0.0036905420129187405,4,0.499,0.9778,0.978
0,2,2.0,True,[],accuracy_association,0,0.0,0.003860958036966622,5,0.5154,0.9762,0.978
0,2,2.0,True,[],accuracy_association,0,0.0,0.0040210000006482005,6,0.5058,0.9758,0.988
0,2,2.0,True,[],accuracy_association,0,0.0,0.003402833011932671,7,0.5036,0.9764,0.976
0,2,2.0,True,[],accuracy_association,0,0.0,0.0036273750010877848,8,0.4982,0.9754,0.976
0,2,2.0,True,[],accuracy_association,0,0.0,0.002421208017040044,9,0.5126,0.9754,0.984
0,2,3.0,True,[],accuracy_association,0,0.0,0.002926874964032322,0,0.4992,0.998,1.0
0,2,3.0,True,[],accuracy_association,0,0.0,0.004090333008207381,1,0.5102,0.9986,0.998
0,2,3.0,True,[],accuracy_association,0,0.0,0.0022458340390585363,2,0.4978,0.9982,1.0
0,2,3.0,True,[],accuracy_association,0,0.0,0.0030148340156301856,3,0.5002,0.999,1.0
0,2,3.0,True,[],accuracy_association,0,0.0,0.002846375049557537,4,0.4934,0.999,0.996
0,2,3.0,True,[],accuracy_association,0,0.0,0.0027536670095287263,5,0.5012,0.9988,0.994
0,2,3.0,True,[],accuracy_association,0,0.0,0.002889542025513947,6,0.49,0.9988,1.0
0,2,3.0,True,[],accuracy_association,0,0.0,0.0035418749903328717,7,0.4886,0.9986,1.0
0,2,3.0,True,[],accuracy_association,0,0.0,0.007314249989576638,8,0.4972,0.9988,0.998
0,2,3.0,True,[],accuracy_association,0,0.0,0.0024951249943114817,9,0.5068,0.9988,1.0
0,2,4.0,True,[],accuracy_association,0,0.0,0.0027852909988723695,0,0.494,1.0,1.0
0,2,4.0,True,[],accuracy_association,0,0.0,0.005449166987091303,1,0.5,1.0,1.0
0,2,4.0,True,[],accuracy_association,0,0.0,0.003013625042513013,2,0.504,1.0,1.0
0,2,4.0,True,[],accuracy_association,0,0.0,0.008340666012372822,3,0.5008,1.0,1.0
0,2,4.0,True,[],accuracy_association,0,0.0,0.007019042037427425,4,0.5052,1.0,1.0
0,2,4.0,True,[],accuracy_association,0,0.0,0.00728349998826161,5,0.4948,1.0,1.0
0,2,4.0,True,[],accuracy_association,0,0.0,0.005864750011824071,6,0.5092,1.0,1.0
0,2,4.0,True,[],accuracy_association,0,0.0,0.002678207994904369,7,0.4988,1.0,1.0
0,2,4.0,True,[],accuracy_association,0,0.0,0.0030146249919198453,8,0.5072,1.0,1.0
0,2,4.0,True,[],accuracy_association,0,0.0,0.0025190000305883586,9,0.4948,1.0,1.0
0,2,5.0,True,[],accuracy_association,0,0.0,0.004318375024013221,0,0.5116,1.0,1.0
0,2,5.0,True,[],accuracy_association,0,0.0,0.005170666961930692,1,0.518,1.0,1.0
0,2,5.0,True,[],accuracy_association,0,0.0,0.004471833992283791,2,0.4896,1.0,1.0
0,2,5.0,True,[],accuracy_association,0,0.0,0.002332791977096349,3,0.4944,1.0,1.0
0,2,5.0,True,[],accuracy_association,0,0.0,0.0025873330305330455,4,0.4964,1.0,1.0
0,2,5.0,True,[],accuracy_association,0,0.0,0.003736875019967556,5,0.4964,1.0,1.0
0,2,5.0,True,[],accuracy_association,0,0.0,0.0037407909985631704,6,0.4932,1.0,1.0
0,2,5.0,True,[],accuracy_association,0,0.0,0.0027518750284798443,7,0.504,1.0,1.0
0,2,5.0,True,[],accuracy_association,0,0.0,0.002578208048362285,8,0.484,1.0,1.0
0,2,5.0,True,[],accuracy_association,0,0.0,0.003037207992747426,9,0.506,1.0,1.0
0,2,6.0,True,[],accuracy_association,0,0.0,0.003594666952267289,0,0.504,1.0,1.0
0,2,6.0,True,[],accuracy_association,0,0.0,0.0025446670479141176,1,0.5024,1.0,1.0
0,2,6.0,True,[],accuracy_association,0,0.0,0.0033999999868683517,2,0.5072,1.0,1.0
0,2,6.0,True,[],accuracy_association,0,0.0,0.0030292089795693755,3,0.5028,1.0,1.0
0,2,6.0,True,[],accuracy_association,0,0.0,0.0022437499719671905,4,0.4852,1.0,1.0
0,2,6.0,True,[],accuracy_association,0,0.0,0.0033352080499753356,5,0.5028,1.0,1.0
0,2,6.0,True,[],accuracy_association,0,0.0,0.0035772499977611005,6,0.5096,1.0,1.0
0,2,6.0,True,[],accuracy_association,0,0.0,0.002155875030439347,7,0.5056,1.0,1.0
0,2,6.0,True,[],accuracy_association,0,0.0,0.0039862500270828605,8,0.4908,1.0,1.0
0,2,6.0,True,[],accuracy_association,0,0.0,0.0032422089716419578,9,0.4952,1.0,1.0
19,4,0.0,True,[],accuracy_association,19,0.038,0.03261033399030566,0,0.5084,0.5,0.546
36,4,0.0,True,[],accuracy_association,36,0.072,0.07007462502224371,1,0.5014,0.5006,0.53
22,4,0.0,True,[],accuracy_association,22,0.044,0.038389792025554925,2,0.5002,0.4978,0.564
31,4,0.0,True,[],accuracy_association,31,0.062,0.04520370898535475,3,0.497,0.4974,0.534
30,4,0.0,True,[],accuracy_association,30,0.06,0.05595754203386605,4,0.5062,0.5074,0.516
11,4,0.0,True,[],accuracy_association,11,0.022,0.03161775000626221,5,0.4962,0.5086,0.564
35,4,0.0,True,[],accuracy_association,35,0.07,0.18809854198480025,6,0.505,0.5118,0.52
24,4,0.0,True,[],accuracy_association,24,0.048,0.13313074997859076,7,0.4916,0.5,0.52
7,4,0.0,True,[],accuracy_association,7,0.014,0.013419083028566092,8,0.494,0.5084,0.558
6,4,0.0,True,[],accuracy_association,6,0.012,0.07843349996255711,9,0.4976,0.5096,0.576
2,4,0.5,True,[],accuracy_association,2,0.004,0.026698959001805633,0,0.5048,0.696,0.724
1,4,0.5,True,[],accuracy_association,1,0.002,0.028207290975842625,1,0.499,0.705,0.692
2,4,0.5,True,[],accuracy_association,2,0.004,0.0395168749964796,2,0.482,0.7004,0.694
3,4,0.5,True,[],accuracy_association,3,0.006,0.033095833961851895,3,0.5004,0.6836,0.712
1,4,0.5,True,[],accuracy_association,1,0.002,0.005036790971644223,4,0.5094,0.689,0.686
4,4,0.5,True,[],accuracy_association,4,0.008,0.010001084010582417,5,0.4918,0.6842,0.694
3,4,0.5,True,[],accuracy_association,3,0.006,0.015038749959785491,6,0.4928,0.68,0.708
2,4,0.5,True,[],accuracy_association,2,0.004,0.005148249969352037,7,0.4888,0.6936,0.712
4,4,0.5,True,[],accuracy_association,4,0.008,0.01181462500244379,8,0.4942,0.6942,0.686
1,4,0.5,True,[],accuracy_association,1,0.002,0.01481545902788639,9,0.4956,0.6976,0.718
0,4,1.0,True,[],accuracy_association,0,0.0,0.003133458027150482,0,0.4938,0.8454,0.846
1,4,1.0,True,[],accuracy_association,1,0.002,0.003920292016118765,1,0.4958,0.8486,0.842
1,4,1.0,True,[],accuracy_association,1,0.002,0.010239875002298504,2,0.502,0.84,0.848
0,4,1.0,True,[],accuracy_association,0,0.0,0.0029779999749734998,3,0.5094,0.8322,0.834
3,4,1.0,True,[],accuracy_association,3,0.006,0.011031499947421253,4,0.5004,0.834,0.85
0,4,1.0,True,[],accuracy_association,0,0.0,0.0029290830134414136,5,0.5,0.838,0.852
2,4,1.0,True,[],accuracy_association,2,0.004,0.005540792015381157,6,0.494,0.8444,0.818
3,4,1.0,True,[],accuracy_association,3,0.006,0.010799916984979063,7,0.5016,0.838,0.834
1,4,1.0,True,[],accuracy_association,1,0.002,0.0041534590418450534,8,0.5154,0.8434,0.872
1,4,1.0,True,[],accuracy_association,1,0.002,0.009780832973774523,9,0.4964,0.8388,0.822
0,4,1.5,True,[],accuracy_association,0,0.0,0.005637999973259866,0,0.496,0.934,0.91
0,4,1.5,True,[],accuracy_association,0,0.0,0.003066167002543807,1,0.5012,0.9348,0.932
3,4,1.5,True,[],accuracy_association,2,0.004,0.007810499984771013,2,0.4938,0.9354,0.938
1,4,1.5,True,[],accuracy_association,1,0.002,0.007161000045016408,3,0.5094,0.931,0.924
0,4,1.5,True,[],accuracy_association,0,0.0,0.002983042038977146,4,0.5188,0.9348,0.918
2,4,1.5,True,[],accuracy_association,1,0.002,0.005546874948777258,5,0.5006,0.935,0.934
1,4,1.5,True,[],accuracy_association,1,0.002,0.016436458041425794,6,0.5022,0.9334,0.93
1,4,1.5,True,[],accuracy_association,1,0.002,0.016712291981093585,7,0.5008,0.9316,0.932
0,4,1.5,True,[],accuracy_association,0,0.0,0.0051997079863213,8,0.5038,0.931,0.926
1,4,1.5,True,[],accuracy_association,1,0.002,0.0048421670217067,9,0.4928,0.9316,0.944
0,4,2.0,True,[],accuracy_association,0,0.0,0.00667358300415799,0,0.5024,0.976,0.982
0,4,2.0,True,[],accuracy_association,0,0.0,0.0035320419701747596,1,0.4934,0.9722,0.964
1,4,2.0,True,[],accuracy_association,0,0.0,0.0041146669536828995,2,0.4928,0.976,0.98
0,4,2.0,True,[],accuracy_association,0,0.0,0.003191333031281829,3,0.4954,0.975,0.98
0,4,2.0,True,[],accuracy_association,0,0.0,0.0026167919859290123,4,0.4954,0.9806,0.982
1,4,2.0,True,[],accuracy_association,0,0.0,0.004082959028892219,5,0.4888,0.9736,0.978
0,4,2.0,True,[],accuracy_association,0,0.0,0.00863904197467491,6,0.4934,0.977,0.986
0,4,2.0,True,[],accuracy_association,0,0.0,0.008446124964393675,7,0.4946,0.9786,0.988
1,4,2.0,True,[],accuracy_association,1,0.002,0.0035209169727750123,8,0.494,0.9772,0.984
0,4,2.0,True,[],accuracy_association,0,0.0,0.002225874981377274,9,0.4958,0.9762,0.978
0,4,3.0,True,[],accuracy_association,0,0.0,0.005192707991227508,0,0.497,0.9978,1.0
0,4,3.0,True,[],accuracy_association,0,0.0,0.0021556250285357237,1,0.4912,0.998,0.998
0,4,3.0,True,[],accuracy_association,0,0.0,0.0023635419784113765,2,0.5056,0.9984,1.0
0,4,3.0,True,[],accuracy_association,0,0.0,0.004701666010078043,3,0.5004,0.998,1.0
0,4,3.0,True,[],accuracy_association,0,0.0,0.022696625033859164,4,0.4976,0.9992,1.0
0,4,3.0,True,[],accuracy_association,0,0.0,0.024130457954015583,5,0.4984,0.9996,0.998
0,4,3.0,True,[],accuracy_association,0,0.0,0.002120290999300778,6,0.506,0.9988,0.998
0,4,3.0,True,[],accuracy_association,0,0.0,0.0023446669802069664,7,0.4934,0.9986,1.0
0,4,3.0,True,[],accuracy_association,0,0.0,0.01889666699571535,8,0.5082,0.9982,0.996
0,4,3.0,True,[],accuracy_association,0,0.0,0.003948750032577664,9,0.4946,0.9978,0.998
0,4,4.0,True,[],accuracy_association,0,0.0,0.0030950000509619713,0,0.5068,1.0,1.0
0,4,4.0,True,[],accuracy_association,0,0.0,0.003701500012539327,1,0.4968,1.0,1.0
0,4,4.0,True,[],accuracy_association,0,0.0,0.0034387499908916652,2,0.4968,1.0,1.0
0,4,4.0,True,[],accuracy_association,0,0.0,0.0031722920248284936,3,0.488,1.0,1.0
0,4,4.0,True,[],accuracy_association,0,0.0,0.005385208991356194,4,0.5092,1.0,1.0
0,4,4.0,True,[],accuracy_association,0,0.0,0.003523874969687313,5,0.4984,1.0,1.0
0,4,4.0,True,[],accuracy_association,0,0.0,0.01677004201337695,6,0.4976,1.0,1.0
0,4,4.0,True,[],accuracy_association,0,0.0,0.0035003339871764183,7,0.5082,0.9998,1.0
0,4,4.0,True,[],accuracy_association,0,0.0,0.0030869999900460243,8,0.4868,1.0,1.0
0,4,4.0,True,[],accuracy_association,0,0.0,0.007910749991424382,9,0.5096,1.0,1.0
0,4,5.0,True,[],accuracy_association,0,0.0,0.013068833039142191,0,0.4988,1.0,1.0
0,4,5.0,True,[],accuracy_association,0,0.0,0.003099875000771135,1,0.4908,1.0,1.0
0,4,5.0,True,[],accuracy_association,0,0.0,0.0030394160421565175,2,0.4904,1.0,1.0
0,4,5.0,True,[],accuracy_association,0,0.0,0.0043912919936701655,3,0.5064,1.0,1.0
0,4,5.0,True,[],accuracy_association,0,0.0,0.0031183339888229966,4,0.4948,1.0,1.0
0,4,5.0,True,[],accuracy_association,0,0.0,0.0031734159565530717,5,0.5068,1.0,1.0
0,4,5.0,True,[],accuracy_association,0,0.0,0.018653292034287006,6,0.4932,1.0,1.0
0,4,5.0,True,[],accuracy_association,0,0.0,0.002693791000638157,7,0.5032,1.0,1.0
0,4,5.0,True,[],accuracy_association,0,0.0,0.003403125039767474,8,0.504,1.0,1.0
0,4,5.0,True,[],accuracy_association,0,0.0,0.010382584005128592,9,0.488,1.0,1.0
0,4,6.0,True,[],accuracy_association,0,0.0,0.004375083022750914,0,0.5004,1.0,1.0
0,4,6.0,True,[],accuracy_association,0,0.0,0.0033664589864201844,1,0.5064,1.0,1.0
0,4,6.0,True,[],accuracy_association,0,0.0,0.006728624983225018,2,0.5056,1.0,1.0
0,4,6.0,True,[],accuracy_association,0,0.0,0.00378904101671651,3,0.5084,1.0,1.0
0,4,6.0,True,[],accuracy_association,0,0.0,0.006615333026275039,4,0.5036,1.0,1.0
0,4,6.0,True,[],accuracy_association,0,0.0,0.003753459022846073,5,0.5084,1.0,1.0
0,4,6.0,True,[],accuracy_association,0,0.0,0.004938833997584879,6,0.4912,1.0,1.0
0,4,6.0,True,[],accuracy_association,0,0.0,0.003320291987620294,7,0.5028,1.0,1.0
0,4,6.0,True,[],accuracy_association,0,0.0,0.012123083986807615,8,0.4968,1.0,1.0
0,4,6.0,True,[],accuracy_association,0,0.0,0.006453209032770246,9,0.498,1.0,1.0
44,8,0.0,True,[],accuracy_association,44,0.088,0.04697837500134483,0,0.4902,0.5034,0.524
28,8,0.0,True,[],accuracy_association,28,0.056,0.06189237500075251,1,0.502,0.4948,0.542
22,8,0.0,True,[],accuracy_association,22,0.044,0.0425278750481084,2,0.4902,0.5022,0.566
30,8,0.0,True,[],accuracy_association,30,0.06,0.06212199997389689,3,0.5064,0.5236,0.552
22,8,0.0,True,[],accuracy_association,22,0.044,0.02987949998350814,4,0.5012,0.4952,0.568
25,8,0.0,True,[],accuracy_association,25,0.05,0.06795620801858604,5,0.5024,0.5072,0.55
34,8,0.0,True,[],accuracy_association,34,0.068,0.11599766602739692,6,0.503,0.4926,0.548
17,8,0.0,True,[],accuracy_association,17,0.034,0.05717079102760181,7,0.4944,0.4928,0.532
36,8,0.0,True,[],accuracy_association,36,0.072,0.12994445796357468,8,0.5054,0.5062,0.522
25,8,0.0,True,[],accuracy_association,25,0.05,0.09313858300447464,9,0.5094,0.4966,0.554
2,8,0.5,True,[],accuracy_association,2,0.004,0.02678920899052173,0,0.4976,0.6976,0.672
7,8,0.5,True,[],accuracy_association,7,0.014,0.025114042044151574,1,0.5082,0.685,0.686
1,8,0.5,True,[],accuracy_association,1,0.002,0.013265541987493634,2,0.5,0.6848,0.66
7,8,0.5,True,[],accuracy_association,7,0.014,0.015717292029876262,3,0.4958,0.6878,0.694
6,8,0.5,True,[],accuracy_association,6,0.012,0.014103125024121255,4,0.4978,0.6906,0.684
9,8,0.5,True,[],accuracy_association,9,0.018,0.03146500000730157,5,0.4914,0.6822,0.684
4,8,0.5,True,[],accuracy_association,4,0.008,0.007175833045039326,6,0.499,0.6794,0.69
8,8,0.5,True,[],accuracy_association,8,0.016,0.03203395800665021,7,0.4958,0.687,0.718
8,8,0.5,True,[],accuracy_association,8,0.016,0.014231332985218614,8,0.5036,0.6948,0.73
3,8,0.5,True,[],accuracy_association,3,0.006,0.02181574999121949,9,0.5124,0.6912,0.698
2,8,1.0,True,[],accuracy_association,1,0.002,0.014121957996394485,0,0.4902,0.833,0.852
2,8,1.0,True,[],accuracy_association,1,0.002,0.017932332993950695,1,0.506,0.8352,0.846
3,8,1.0,True,[],accuracy_association,3,0.006,0.013543792010750622,2,0.5034,0.8462,0.854
8,8,1.0,True,[],accuracy_association,8,0.016,0.01711270899977535,3,0.499,0.8518,0.838
0,8,1.0,True,[],accuracy_association,0,0.0,0.006789333012420684,4,0.5002,0.8478,0.83
0,8,1.0,True,[],accuracy_association,0,0.0,0.007685291988309473,5,0.4908,0.8464,0.828
3,8,1.0,True,[],accuracy_association,3,0.006,0.007584500010125339,6,0.485,0.835,0.824
1,8,1.0,True,[],accuracy_association,1,0.002,0.006038082996383309,7,0.5004,0.8384,0.878
2,8,1.0,True,[],accuracy_association,2,0.004,0.029846917022950947,8,0.511,0.8382,0.838
1,8,1.0,True,[],accuracy_association,1,0.002,0.009646082995459437,9,0.503,0.8354,0.85
0,8,1.5,True,[],accuracy_association,0,0.0,0.0036727500264532864,0,0.487,0.9326,0.934
0,8,1.5,True,[],accuracy_association,0,0.0,0.003588082967326045,1,0.5126,0.9322,0.926
1,8,1.5,True,[],accuracy_association,1,0.002,0.010868916986510158,2,0.5094,0.9338,0.928
1,8,1.5,True,[],accuracy_association,0,0.0,0.01325449999421835,3,0.5004,0.9336,0.922
0,8,1.5,True,[],accuracy_association,0,0.0,0.007912667002528906,4,0.5068,0.9328,0.922
2,8,1.5,True,[],accuracy_association,2,0.004,0.006628457980696112,5,0.504,0.938,0.928
2,8,1.5,True,[],accuracy_association,1,0.002,0.0062781249871477485,6,0.4944,0.9304,0.938
2,8,1.5,True,[],accuracy_association,1,0.002,0.006003249960485846,7,0.4886,0.9346,0.964
1,8,1.5,True,[],accuracy_association,0,0.0,0.0057604999747127295,8,0.49,0.94,0.954
0,8,1.5,True,[],accuracy_association,0,0.0,0.00255762500455603,9,0.504,0.9328,0.91
0,8,2.0,True,[],accuracy_association,0,0.0,0.002687250031158328,0,0.4954,0.9766,0.974
0,8,2.0,True,[],accuracy_association,0,0.0,0.003665249969344586,1,0.501,0.9778,0.978
0,8,2.0,True,[],accuracy_association,0,0.0,0.004082791041582823,2,0.4918,0.977,0.962
0,8,2.0,True,[],accuracy_association,0,0.0,0.002612082986161113,3,0.5016,0.9752,0.978
0,8,2.0,True,[],accuracy_association,0,0.0,0.0039564999751746655,4,0.4964,0.978,0.972
0,8,2.0,True,[],accuracy_association,0,0.0,0.0038523750263266265,5,0.5046,0.979,0.968
3,8,2.0,True,[],accuracy_association,1,0.002,0.004665957996621728,6,0.5016,0.9768,0.984
1,8,2.0,True,[],accuracy_association,1,0.002,0.004591375007294118,7,0.4928,0.9772,0.976
0,8,2.0,True,[],accuracy_association,0,0.0,0.004073332995176315,8,0.4958,0.9754,0.988
0,8,2.0,True,[],accuracy_association,0,0.0,0.0037081250338815153,9,0.5004,0.9804,0.968
0,8,3.0,True,[],accuracy_association,0,0.0,0.002585000009275973,0,0.4926,0.999,1.0
0,8,3.0,True,[],accuracy_association,0,0.0,0.0034595829783938825,1,0.5006,0.999,0.998
0,8,3.0,True,[],accuracy_association,0,0.0,0.0030045839957892895,2,0.4958,0.9986,0.998
0,8,3.0,True,[],accuracy_association,0,0.0,0.002581666980404407,3,0.5106,0.9986,0.998
0,8,3.0,True,[],accuracy_association,0,0.0,0.01174679200630635,4,0.488,0.9984,0.998
0,8,3.0,True,[],accuracy_association,0,0.0,0.033152167045045644,5,0.5066,0.9986,1.0
0,8,3.0,True,[],accuracy_association,0,0.0,0.002607791975606233,6,0.5,0.9988,0.998
0,8,3.0,True,[],accuracy_association,0,0.0,0.004003959009423852,7,0.4988,0.998,0.998
0,8,3.0,True,[],accuracy_association,0,0.0,0.0052726250141859055,8,0.5162,0.9986,0.998
0,8,3.0,True,[],accuracy_association,0,0.0,0.03261316701536998,9,0.4968,0.9984,0.994
0,8,4.0,True,[],accuracy_association,0,0.0,0.00595654099015519,0,0.5088,1.0,1.0
0,8,4.0,True,[],accuracy_association,0,0.0,0.01026766694849357,1,0.4964,1.0,1.0
0,8,4.0,True,[],accuracy_association,0,0.0,0.003936124965548515,2,0.498,1.0,1.0
0,8,4.0,True,[],accuracy_association,0,0.0,0.0035822500358335674,3,0.4908,1.0,1.0
0,8,4.0,True,[],accuracy_association,0,0.0,0.005151707970071584,4,0.5008,1.0,1.0
0,8,4.0,True,[],accuracy_association,0,0.0,0.007893665984738618,5,0.4892,1.0,1.0
0,8,4.0,True,[],accuracy_association,0,0.0,0.010404833010397851,6,0.4998,0.9998,1.0
0,8,4.0,True,[],accuracy_association,0,0.0,0.004568292002659291,7,0.4964,1.0,1.0
0,8,4.0,True,[],accuracy_association,0,0.0,0.003917624999303371,8,0.5032,1.0,1.0
0,8,4.0,True,[],accuracy_association,0,0.0,0.004730125016067177,9,0.4996,1.0,1.0
0,8,5.0,True,[],accuracy_association,0,0.0,0.00822841702029109,0,0.492,1.0,1.0
0,8,5.0,True,[],accuracy_association,0,0.0,0.004632583004422486,1,0.5096,1.0,1.0
0,8,5.0,True,[],accuracy_association,0,0.0,0.007645250007044524,2,0.5004,1.0,1.0
0,8,5.0,True,[],accuracy_association,0,0.0,0.0032845420064404607,3,0.4972,1.0,1.0
0,8,5.0,True,[],accuracy_association,0,0.0,0.004550833022221923,4,0.5,1.0,1.0
0,8,5.0,True,[],accuracy_association,0,0.0,0.004227624973282218,5,0.4996,1.0,1.0
0,8,5.0,True,[],accuracy_association,0,0.0,0.00898379203863442,6,0.498,1.0,1.0
0,8,5.0,True,[],accuracy_association,0,0.0,0.007107458950486034,7,0.5052,1.0,1.0
0,8,5.0,True,[],accuracy_association,0,0.0,0.004617958038579673,8,0.512,1.0,1.0
0,8,5.0,True,[],accuracy_association,0,0.0,0.004879624990280718,9,0.4956,1.0,1.0
0,8,6.0,True,[],accuracy_association,0,0.0,0.004621375002898276,0,0.5036,1.0,1.0
0,8,6.0,True,[],accuracy_association,0,0.0,0.0039855000213719904,1,0.4948,1.0,1.0
0,8,6.0,True,[],accuracy_association,0,0.0,0.004220291040837765,2,0.4904,1.0,1.0
0,8,6.0,True,[],accuracy_association,0,0.0,0.004645042004995048,3,0.4976,1.0,1.0
0,8,6.0,True,[],accuracy_association,0,0.0,0.00449654198018834,4,0.4852,1.0,1.0
0,8,6.0,True,[],accuracy_association,0,0.0,0.004987334017641842,5,0.5012,1.0,1.0
0,8,6.0,True,[],accuracy_association,0,0.0,0.003348332946188748,6,0.498,1.0,1.0
0,8,6.0,True,[],accuracy_association,0,0.0,0.0029981249826960266,7,0.4896,1.0,1.0
0,8,6.0,True,[],accuracy_association,0,0.0,0.005460999964270741,8,0.492,1.0,1.0
0,8,6.0,True,[],accuracy_association,0,0.0,0.005706875002942979,9,0.502,1.0,1.0
44,16,0.0,True,[],accuracy_association,44,0.088,0.0779448330285959,0,0.5068,0.5032,0.564
33,16,0.0,True,[],accuracy_association,33,0.066,0.04776700004003942,1,0.5164,0.4996,0.586
37,16,0.0,True,[],accuracy_association,37,0.074,0.04814854101277888,2,0.508,0.504,0.56
30,16,0.0,True,[],accuracy_association,30,0.06,0.03695679100928828,3,0.4934,0.4922,0.588
44,16,0.0,True,[],accuracy_association,44,0.088,0.04956433404004201,4,0.5012,0.4956,0.556
32,16,0.0,True,[],accuracy_association,32,0.064,0.033898667024914175,5,0.492,0.5012,0.58
57,16,0.0,True,[],accuracy_association,57,0.114,0.05852937500458211,6,0.5024,0.504,0.53
42,16,0.0,True,[],accuracy_association,42,0.084,0.09832512499997392,7,0.498,0.4976,0.574
29,16,0.0,True,[],accuracy_association,29,0.058,0.03935470897704363,8,0.5034,0.5026,0.574
51,16,0.0,True,[],accuracy_association,51,0.102,0.05117141699884087,9,0.4896,0.498,0.568
13,16,0.5,True,[],accuracy_association,13,0.026,0.018789666995871812,0,0.4996,0.6612,0.728
16,16,0.5,True,[],accuracy_association,16,0.032,0.021675500029232353,1,0.4958,0.6778,0.73
16,16,0.5,True,[],accuracy_association,16,0.032,0.02084591699531302,2,0.508,0.676,0.686
11,16,0.5,True,[],accuracy_association,11,0.022,0.020206166023854166,3,0.5096,0.69,0.716
17,16,0.5,True,[],accuracy_association,17,0.034,0.02413045900175348,4,0.498,0.674,0.702
8,16,0.5,True,[],accuracy_association,8,0.016,0.014291208994109184,5,0.4906,0.6778,0.71
9,16,0.5,True,[],accuracy_association,9,0.018,0.017017750011291355,6,0.502,0.682,0.672
18,16,0.5,True,[],accuracy_association,18,0.036,0.025741541001480073,7,0.505,0.6918,0.704
8,16,0.5,True,[],accuracy_association,8,0.016,0.012257417023647577,8,0.4916,0.6936,0.692
7,16,0.5,True,[],accuracy_association,7,0.014,0.017503291950561106,9,0.5044,0.686,0.694
4,16,1.0,True,[],accuracy_association,3,0.006,0.006929208000656217,0,0.4982,0.8366,0.856
4,16,1.0,True,[],accuracy_association,3,0.006,0.009018459008075297,1,0.4964,0.8328,0.83
2,16,1.0,True,[],accuracy_association,1,0.002,0.004839457978960127,2,0.4826,0.8378,0.85
4,16,1.0,True,[],accuracy_association,4,0.008,0.011814666970167309,3,0.5016,0.8376,0.84
4,16,1.0,True,[],accuracy_association,3,0.006,0.009589499968569726,4,0.5054,0.8442,0.858
2,16,1.0,True,[],accuracy_association,1,0.002,0.0049989999970421195,5,0.5168,0.8296,0.844
2,16,1.0,True,[],accuracy_association,1,0.002,0.017266042006667703,6,0.5002,0.8302,0.854
6,16,1.0,True,[],accuracy_association,4,0.008,0.011249166971538216,7,0.493,0.8334,0.854
2,16,1.0,True,[],accuracy_association,2,0.004,0.005552666960284114,8,0.498,0.842,0.844
2,16,1.0,True,[],accuracy_association,2,0.004,0.007141666952520609,9,0.4894,0.8406,0.83
2,16,1.5,True,[],accuracy_association,1,0.002,0.005164125002920628,0,0.5058,0.9282,0.932
1,16,1.5,True,[],accuracy_association,1,0.002,0.006826083001215011,1,0.5058,0.931,0.932
3,16,1.5,True,[],accuracy_association,2,0.004,0.0063847919809632,2,0.493,0.9314,0.92
1,16,1.5,True,[],accuracy_association,1,0.002,0.0041056249756366014,3,0.5108,0.9304,0.932
0,16,1.5,True,[],accuracy_association,0,0.0,0.009194040962029248,4,0.4966,0.9314,0.936
0,16,1.5,True,[],accuracy_association,0,0.0,0.0046646250411868095,5,0.5112,0.9316,0.934
2,16,1.5,True,[],accuracy_association,2,0.004,0.005204042012337595,6,0.499,0.9334,0.936
3,16,1.5,True,[],accuracy_association,0,0.0,0.009036290983203799,7,0.495,0.9318,0.954
2,16,1.5,True,[],accuracy_association,2,0.004,0.005325542006175965,8,0.4996,0.9256,0.92
3,16,1.5,True,[],accuracy_association,3,0.006,0.009073708031792194,9,0.511,0.931,0.936
1,16,2.0,True,[],accuracy_association,1,0.002,0.008470417000353336,0,0.497,0.9746,0.988
3,16,2.0,True,[],accuracy_association,3,0.006,0.008443458995316178,1,0.4972,0.9756,0.966
0,16,2.0,True,[],accuracy_association,0,0.0,0.0032721669995225966,2,0.5038,0.977,0.974
1,16,2.0,True,[],accuracy_association,1,0.002,0.0053421250195242465,3,0.51,0.9784,0.982
2,16,2.0,True,[],accuracy_association,2,0.004,0.010264459007885307,4,0.5,0.9748,0.974
2,16,2.0,True,[],accuracy_association,2,0.004,0.007701208989601582,5,0.5024,0.9728,0.992
0,16,2.0,True,[],accuracy_association,0,0.0,0.004791583982296288,6,0.4868,0.9768,0.976
1,16,2.0,True,[],accuracy_association,1,0.002,0.004657791985664517,7,0.4912,0.9804,0.978
3,16,2.0,True,[],accuracy_association,2,0.004,0.010380499996244907,8,0.5016,0.9768,0.978
3,16,2.0,True,[],accuracy_association,2,0.004,0.007166583964135498,9,0.4972,0.978,0.976
0,16,3.0,True,[],accuracy_association,0,0.0,0.00562999997055158,0,0.493,0.9994,1.0
1,16,3.0,True,[],accuracy_association,0,0.0,0.005390167003497481,1,0.4902,0.999,1.0
0,16,3.0,True,[],accuracy_association,0,0.0,0.00520329101709649,2,0.4918,0.9986,1.0
0,16,3.0,True,[],accuracy_association,0,0.0,0.005690874997526407,3,0.4976,0.9984,0.996
0,16,3.0,True,[],accuracy_association,0,0.0,0.005484917026478797,4,0.4988,0.998,1.0
0,16,3.0,True,[],accuracy_association,0,0.0,0.004915125027764589,5,0.509,0.9986,0.998
0,16,3.0,True,[],accuracy_association,0,0.0,0.012924957962241024,6,0.4936,0.9988,0.998
0,16,3.0,True,[],accuracy_association,0,0.0,0.0047482080408371985,7,0.507,0.9986,1.0
0,16,3.0,True,[],accuracy_association,0,0.0,0.007280250021722168,8,0.4956,0.9984,0.998
0,16,3.0,True,[],accuracy_association,0,0.0,0.003856582974549383,9,0.4974,0.9974,1.0
0,16,4.0,True,[],accuracy_association,0,0.0,0.004844042006880045,0,0.4956,1.0,1.0
0,16,4.0,True,[],accuracy_association,0,0.0,0.003262000042013824,1,0.4976,1.0,1.0
0,16,4.0,True,[],accuracy_association,0,0.0,0.0064657500479370356,2,0.5002,0.9998,1.0
0,16,4.0,True,[],accuracy_association,0,0.0,0.005416749976575375,3,0.5104,1.0,1.0
0,16,4.0,True,[],accuracy_association,0,0.0,0.00507445796392858,4,0.4892,1.0,1.0
0,16,4.0,True,[],accuracy_association,0,0.0,0.004111292015295476,5,0.5,1.0,1.0
0,16,4.0,True,[],accuracy_association,0,0.0,0.0046840840368531644,6,0.4972,1.0,1.0
0,16,4.0,True,[],accuracy_association,0,0.0,0.0035562089760787785,7,0.5056,1.0,1.0
0,16,4.0,True,[],accuracy_association,0,0.0,0.004994707996957004,8,0.514,1.0,1.0
0,16,4.0,True,[],accuracy_association,0,0.0,0.003664416028186679,9,0.4998,0.9998,1.0
0,16,5.0,True,[],accuracy_association,0,0.0,0.0061167500098235905,0,0.5052,1.0,1.0
0,16,5.0,True,[],accuracy_association,0,0.0,0.004696499963756651,1,0.4968,1.0,1.0
0,16,5.0,True,[],accuracy_association,0,0.0,0.0036713749868795276,2,0.5152,1.0,1.0
0,16,5.0,True,[],accuracy_association,0,0.0,0.006135458999779075,3,0.484,1.0,1.0
0,16,5.0,True,[],accuracy_association,0,0.0,0.005675332969985902,4,0.506,1.0,1.0
0,16,5.0,True,[],accuracy_association,0,0.0,0.0069803749793209136,5,0.4932,1.0,1.0
0,16,5.0,True,[],accuracy_association,0,0.0,0.004391749971546233,6,0.49,1.0,1.0
0,16,5.0,True,[],accuracy_association,0,0.0,0.004665500018745661,7,0.5056,1.0,1.0
0,16,5.0,True,[],accuracy_association,0,0.0,0.004848209035117179,8,0.498,1.0,1.0
0,16,5.0,True,[],accuracy_association,0,0.0,0.006547124998178333,9,0.4976,1.0,1.0
0,16,6.0,True,[],accuracy_association,0,0.0,0.005253167008049786,0,0.498,1.0,1.0
0,16,6.0,True,[],accuracy_association,0,0.0,0.005738958017900586,1,0.4908,1.0,1.0
0,16,6.0,True,[],accuracy_association,0,0.0,0.0055904590408317745,2,0.5036,1.0,1.0
0,16,6.0,True,[],accuracy_association,0,0.0,0.009211541968397796,3,0.4892,1.0,1.0
0,16,6.0,True,[],accuracy_association,0,0.0,0.008975540986284614,4,0.5144,1.0,1.0
0,16,6.0,True,[],accuracy_association,0,0.0,0.005527874978724867,5,0.5004,1.0,1.0
0,16,6.0,True,[],accuracy_association,0,0.0,0.004000333021394908,6,0.5084,1.0,1.0
0,16,6.0,True,[],accuracy_association,0,0.0,0.007272040995303541,7,0.5132,1.0,1.0
0,16,6.0,True,[],accuracy_association,0,0.0,0.005765374982729554,8,0.5076,1.0,1.0
0,16,6.0,True,[],accuracy_association,0,0.0,0.00423245900310576,9,0.504,1.0,1.0
48,32,0.0,True,[],accuracy_association,48,0.096,0.0778504170011729,0,0.5052,0.492,0.6
50,32,0.0,True,[],accuracy_association,50,0.1,0.08060008299071342,1,0.5008,0.4976,0.62
52,32,0.0,True,[],accuracy_association,52,0.104,0.08076270797755569,2,0.4876,0.5092,0.604
43,32,0.0,True,[],accuracy_association,43,0.086,0.059382832958363,3,0.4886,0.509,0.596
43,32,0.0,True,[],accuracy_association,43,0.086,0.09572974999900907,4,0.5134,0.4986,0.622
61,32,0.0,True,[],accuracy_association,61,0.122,0.15901725000003353,5,0.4826,0.5058,0.612
40,32,0.0,True,[],accuracy_association,40,0.08,0.0717241249512881,6,0.4762,0.4938,0.584
56,32,0.0,True,[],accuracy_association,56,0.112,0.1264637089916505,7,0.5018,0.5014,0.622
60,32,0.0,True,[],accuracy_association,60,0.12,0.152454916969873,8,0.4924,0.5028,0.578
35,32,0.0,True,[],accuracy_association,35,0.07,0.09391899994807318,9,0.5026,0.4938,0.61
19,32,0.5,True,[],accuracy_association,19,0.038,0.044855665997602046,0,0.506,0.6788,0.71
24,32,0.5,True,[],accuracy_association,24,0.048,0.05486591695807874,1,0.5076,0.6636,0.734
13,32,0.5,True,[],accuracy_association,13,0.026,0.0380692079779692,2,0.5036,0.6644,0.688
16,32,0.5,True,[],accuracy_association,16,0.032,0.038356375007424504,3,0.4962,0.6734,0.738
19,32,0.5,True,[],accuracy_association,19,0.038,0.05020116601372138,4,0.4964,0.6696,0.73
18,32,0.5,True,[],accuracy_association,18,0.036,0.049805917020421475,5,0.4934,0.665,0.722
27,32,0.5,True,[],accuracy_association,27,0.054,0.0750800829846412,6,0.5088,0.6608,0.672
16,32,0.5,True,[],accuracy_association,16,0.032,0.05379325000103563,7,0.4896,0.6668,0.736
24,32,0.5,True,[],accuracy_association,24,0.048,0.060001457983162254,8,0.512,0.6664,0.748
20,32,0.5,True,[],accuracy_association,20,0.04,0.04461366595933214,9,0.5052,0.678,0.73
9,32,1.0,True,[],accuracy_association,7,0.014,0.024229541013482958,0,0.4978,0.8354,0.858
6,32,1.0,True,[],accuracy_association,5,0.01,0.019052499963436276,1,0.4908,0.8268,0.824
11,32,1.0,True,[],accuracy_association,10,0.02,0.03325812501134351,2,0.5108,0.8388,0.868
7,32,1.0,True,[],accuracy_association,5,0.01,0.02938974997960031,3,0.5062,0.8318,0.808
7,32,1.0,True,[],accuracy_association,6,0.012,0.02839241601759568,4,0.4974,0.841,0.834
14,32,1.0,True,[],accuracy_association,13,0.026,0.0449205000186339,5,0.5122,0.837,0.838
10,32,1.0,True,[],accuracy_association,9,0.018,0.0412583330180496,6,0.5014,0.8286,0.846
10,32,1.0,True,[],accuracy_association,9,0.018,0.027492917026393116,7,0.5052,0.8268,0.862
7,32,1.0,True,[],accuracy_association,6,0.012,0.024558625009376556,8,0.505,0.8294,0.88
8,32,1.0,True,[],accuracy_association,7,0.014,0.06128658400848508,9,0.4918,0.8338,0.84
4,32,1.5,True,[],accuracy_association,3,0.006,0.050906334014143795,0,0.5094,0.9358,0.932
11,32,1.5,True,[],accuracy_association,6,0.012,0.047898625023663044,1,0.5056,0.9272,0.942
5,32,1.5,True,[],accuracy_association,5,0.01,0.03835474996594712,2,0.5026,0.9274,0.944
5,32,1.5,True,[],accuracy_association,5,0.01,0.04284816700965166,3,0.5022,0.9322,0.958
6,32,1.5,True,[],accuracy_association,3,0.006,0.03447120904456824,4,0.4984,0.9316,0.938
7,32,1.5,True,[],accuracy_association,7,0.014,0.033368750009685755,5,0.4996,0.9376,0.94
8,32,1.5,True,[],accuracy_association,5,0.01,0.0308105829753913,6,0.4952,0.9284,0.952
5,32,1.5,True,[],accuracy_association,3,0.006,0.018086207972373813,7,0.5082,0.9318,0.948
3,32,1.5,True,[],accuracy_association,2,0.004,0.007419458997901529,8,0.5022,0.9318,0.954
5,32,1.5,True,[],accuracy_association,5,0.01,0.008615416998509318,9,0.5006,0.9306,0.936
3,32,2.0,True,[],accuracy_association,1,0.002,0.009800042025744915,0,0.4904,0.9808,0.978
1,32,2.0,True,[],accuracy_association,1,0.002,0.0070997499860823154,1,0.4964,0.974,0.978
1,32,2.0,True,[],accuracy_association,0,0.0,0.010670832998584956,2,0.499,0.9758,0.978
4,32,2.0,True,[],accuracy_association,1,0.002,0.016538750031031668,3,0.4996,0.9772,0.976
4,32,2.0,True,[],accuracy_association,2,0.004,0.021261459041852504,4,0.506,0.9768,0.972
1,32,2.0,True,[],accuracy_association,0,0.0,0.00937854201765731,5,0.4788,0.9752,0.984
0,32,2.0,True,[],accuracy_association,0,0.0,0.006260875030420721,6,0.4996,0.974,0.976
4,32,2.0,True,[],accuracy_association,3,0.006,0.014993333024904132,7,0.5028,0.9768,0.972
1,32,2.0,True,[],accuracy_association,0,0.0,0.009030082961544394,8,0.5048,0.9752,0.978
4,32,2.0,True,[],accuracy_association,2,0.004,0.014198542048688978,9,0.5098,0.9758,0.982
0,32,3.0,True,[],accuracy_association,0,0.0,0.007992916973307729,0,0.5072,0.9984,0.996
0,32,3.0,True,[],accuracy_association,0,0.0,0.009021000005304813,1,0.4884,0.9984,0.998
0,32,3.0,True,[],accuracy_association,0,0.0,0.005074541957583278,2,0.5004,0.9992,0.996
1,32,3.0,True,[],accuracy_association,1,0.002,0.011612125032115728,3,0.5166,0.999,1.0
0,32,3.0,True,[],accuracy_association,0,0.0,0.0073481660219840705,4,0.5058,0.9986,1.0
0,32,3.0,True,[],accuracy_association,0,0.0,0.00884337502066046,5,0.5036,0.9984,1.0
0,32,3.0,True,[],accuracy_association,0,0.0,0.010712041985243559,6,0.4982,0.9978,0.998
0,32,3.0,True,[],accuracy_association,0,0.0,0.007956832996569574,7,0.4948,0.9996,1.0
0,32,3.0,True,[],accuracy_association,0,0.0,0.008380458981264383,8,0.4966,0.9986,0.998
1,32,3.0,True,[],accuracy_association,1,0.002,0.008777833951171488,9,0.513,0.9994,0.998
0,32,4.0,True,[],accuracy_association,0,0.0,0.006608625000808388,0,0.4962,0.9998,1.0
0,32,4.0,True,[],accuracy_association,0,0.0,0.006654749973677099,1,0.4936,1.0,1.0
0,32,4.0,True,[],accuracy_association,0,0.0,0.008975666016340256,2,0.5108,1.0,1.0
0,32,4.0,True,[],accuracy_association,0,0.0,0.007667790981940925,3,0.5088,1.0,1.0
0,32,4.0,True,[],accuracy_association,0,0.0,0.0060052089975215495,4,0.5076,1.0,1.0
0,32,4.0,True,[],accuracy_association,0,0.0,0.008502000011503696,5,0.5128,1.0,1.0
0,32,4.0,True,[],accuracy_association,0,0.0,0.007565665990114212,6,0.508,1.0,1.0
0,32,4.0,True,[],accuracy_association,0,0.0,0.0068920410121791065,7,0.502,1.0,1.0
0,32,4.0,True,[],accuracy_association,0,0.0,0.00695133296540007,8,0.5076,1.0,1.0
0,32,4.0,True,[],accuracy_association,0,0.0,0.00761249999050051,9,0.5,1.0,1.0
0,32,5.0,True,[],accuracy_association,0,0.0,0.007837791054043919,0,0.496,1.0,1.0
0,32,5.0,True,[],accuracy_association,0,0.0,0.00719529198249802,1,0.4936,1.0,1.0
0,32,5.0,True,[],accuracy_association,0,0.0,0.007036332972347736,2,0.492,1.0,1.0
0,32,5.0,True,[],accuracy_association,0,0.0,0.008876874984707683,3,0.5012,1.0,1.0
0,32,5.0,True,[],accuracy_association,0,0.0,0.006460958975367248,4,0.4932,1.0,1.0
0,32,5.0,True,[],accuracy_association,0,0.0,0.008585666015278548,5,0.5156,1.0,1.0
0,32,5.0,True,[],accuracy_association,0,0.0,0.007606833009049296,6,0.5004,1.0,1.0
0,32,5.0,True,[],accuracy_association,0,0.0,0.009731665952131152,7,0.4936,1.0,1.0
0,32,5.0,True,[],accuracy_association,0,0.0,0.008898333995603025,8,0.5144,1.0,1.0
0,32,5.0,True,[],accuracy_association,0,0.0,0.009845707972999662,9,0.502,1.0,1.0
0,32,6.0,True,[],accuracy_association,0,0.0,0.010528875049203634,0,0.5004,1.0,1.0
0,32,6.0,True,[],accuracy_association,0,0.0,0.00694387499243021,1,0.5064,1.0,1.0
0,32,6.0,True,[],accuracy_association,0,0.0,0.008964332984760404,2,0.4972,1.0,1.0
0,32,6.0,True,[],accuracy_association,0,0.0,0.0091797910281457,3,0.4964,1.0,1.0
0,32,6.0,True,[],accuracy_association,0,0.0,0.012827583006583154,4,0.4904,1.0,1.0
0,32,6.0,True,[],accuracy_association,0,0.0,0.010497457988094538,5,0.496,1.0,1.0
0,32,6.0,True,[],accuracy_association,0,0.0,0.010324791015591472,6,0.4896,1.0,1.0
0,32,6.0,True,[],accuracy_association,0,0.0,0.0054510830086655915,7,0.5064,1.0,1.0
0,32,6.0,True,[],accuracy_association,0,0.0,0.006558374967426062,8,0.5024,1.0,1.0
0,32,6.0,True,[],accuracy_association,0,0.0,0.007334083027672023,9,0.508,1.0,1.0
62,64,0.0,True,[],accuracy_association,62,0.124,0.13446616695728153,0,0.4956,0.5152,0.612
61,64,0.0,True,[],accuracy_association,61,0.122,0.12820233299862593,1,0.493,0.5058,0.66
73,64,0.0,True,[],accuracy_association,73,0.146,0.16954008303582668,2,0.5076,0.4972,0.634
76,64,0.0,True,[],accuracy_association,76,0.152,0.1609885419602506,3,0.5062,0.5054,0.614
85,64,0.0,True,[],accuracy_association,85,0.17,0.2616888749762438,4,0.4924,0.498,0.652
81,64,0.0,True,[],accuracy_association,81,0.162,0.22485437500290573,5,0.5038,0.5082,0.662
93,64,0.0,True,[],accuracy_association,93,0.186,0.27324404200771824,6,0.5078,0.5074,0.638
67,64,0.0,True,[],accuracy_association,67,0.134,0.21842716599348933,7,0.5086,0.5074,0.624
77,64,0.0,True,[],accuracy_association,77,0.154,0.16850458300905302,8,0.5028,0.4972,0.652
76,64,0.0,True,[],accuracy_association,76,0.152,0.18263233301695436,9,0.5032,0.4992,0.656
33,64,0.5,True,[],accuracy_association,33,0.066,0.09113175002858043,0,0.494,0.656,0.724
40,64,0.5,True,[],accuracy_association,40,0.08,0.11113908397965133,1,0.5054,0.655,0.722
34,64,0.5,True,[],accuracy_association,34,0.068,0.09993358398787677,2,0.4952,0.6532,0.738
43,64,0.5,True,[],accuracy_association,43,0.086,0.1643635830259882,3,0.4914,0.6574,0.716
47,64,0.5,True,[],accuracy_association,47,0.094,0.16780758398817852,4,0.4988,0.6492,0.728
43,64,0.5,True,[],accuracy_association,43,0.086,0.1559700409998186,5,0.5022,0.6522,0.698
35,64,0.5,True,[],accuracy_association,35,0.07,0.13344083301490173,6,0.5034,0.659,0.754
41,64,0.5,True,[],accuracy_association,40,0.08,0.08854974998394027,7,0.497,0.653,0.75
42,64,0.5,True,[],accuracy_association,42,0.084,0.1126849590218626,8,0.5052,0.6704,0.722
38,64,0.5,True,[],accuracy_association,37,0.074,0.10010904201772064,9,0.5106,0.6466,0.758
18,64,1.0,True,[],accuracy_association,16,0.032,0.04407766700023785,0,0.4998,0.8226,0.868
20,64,1.0,True,[],accuracy_association,20,0.04,0.07493741699727252,1,0.5038,0.8318,0.862
15,64,1.0,True,[],accuracy_association,12,0.024,0.05511679098708555,2,0.4866,0.817,0.904
17,64,1.0,True,[],accuracy_association,14,0.028,0.06215875002089888,3,0.5132,0.8312,0.868
16,64,1.0,True,[],accuracy_association,14,0.028,0.05912724998779595,4,0.5058,0.8266,0.868
17,64,1.0,True,[],accuracy_association,14,0.028,0.05325954197905958,5,0.5104,0.8256,0.856
15,64,1.0,True,[],accuracy_association,13,0.026,0.04878670797916129,6,0.501,0.8234,0.836
17,64,1.0,True,[],accuracy_association,14,0.028,0.05759241699706763,7,0.5154,0.8266,0.864
20,64,1.0,True,[],accuracy_association,17,0.034,0.06823679199442267,8,0.5012,0.8188,0.836
15,64,1.0,True,[],accuracy_association,12,0.024,0.04289179196348414,9,0.4982,0.8266,0.854
12,64,1.5,True,[],accuracy_association,8,0.016,0.034348749963101,0,0.5116,0.9256,0.93
10,64,1.5,True,[],accuracy_association,6,0.012,0.05655824998393655,1,0.4972,0.936,0.946
13,64,1.5,True,[],accuracy_association,10,0.02,0.05669275001855567,2,0.4906,0.9202,0.936
11,64,1.5,True,[],accuracy_association,9,0.018,0.04898883297573775,3,0.5082,0.925,0.958
10,64,1.5,True,[],accuracy_association,7,0.014,0.04583050002111122,4,0.4992,0.9248,0.954
14,64,1.5,True,[],accuracy_association,11,0.022,0.04453858302440494,5,0.4896,0.926,0.93
9,64,1.5,True,[],accuracy_association,8,0.016,0.027598458982538432,6,0.497,0.9238,0.932
6,64,1.5,True,[],accuracy_association,4,0.008,0.02540649997536093,7,0.5032,0.9236,0.934
7,64,1.5,True,[],accuracy_association,4,0.008,0.024048416991718113,8,0.5044,0.9276,0.936
7,64,1.5,True,[],accuracy_association,6,0.012,0.026865916966926306,9,0.4976,0.9252,0.924
1,64,2.0,True,[],accuracy_association,1,0.002,0.010696584009565413,0,0.4978,0.9726,0.974
3,64,2.0,True,[],accuracy_association,3,0.006,0.016998832987155765,1,0.4884,0.9728,0.974
6,64,2.0,True,[],accuracy_association,5,0.01,0.02147758298087865,2,0.4942,0.9746,0.982
5,64,2.0,True,[],accuracy_association,4,0.008,0.02418987505370751,3,0.4944,0.9784,0.976
5,64,2.0,True,[],accuracy_association,3,0.006,0.023888541967608035,4,0.5064,0.9772,0.98
6,64,2.0,True,[],accuracy_association,3,0.006,0.023873500002082437,5,0.4954,0.9758,0.976
4,64,2.0,True,[],accuracy_association,3,0.006,0.019319457991514355,6,0.508,0.9748,0.976
4,64,2.0,True,[],accuracy_association,3,0.006,0.026909500011242926,7,0.5002,0.9722,0.99
5,64,2.0,True,[],accuracy_association,4,0.008,0.022576084011234343,8,0.5064,0.976,0.986
4,64,2.0,True,[],accuracy_association,2,0.004,0.021469041996169835,9,0.4928,0.974,0.98
2,64,3.0,True,[],accuracy_association,1,0.002,0.016026249970309436,0,0.5016,0.9984,1.0
1,64,3.0,True,[],accuracy_association,1,0.002,0.013902625010814518,1,0.4958,0.9982,1.0
0,64,3.0,True,[],accuracy_association,0,0.0,0.019008333038073033,2,0.503,0.9986,1.0
0,64,3.0,True,[],accuracy_association,0,0.0,0.0202769169700332,3,0.4982,0.9986,1.0
2,64,3.0,True,[],accuracy_association,1,0.002,0.012624499970115721,4,0.4894,0.9982,0.998
0,64,3.0,True,[],accuracy_association,0,0.0,0.013991292042192072,5,0.5004,0.998,0.996
0,64,3.0,True,[],accuracy_association,0,0.0,0.012680582993198186,6,0.4998,0.9982,1.0
0,64,3.0,True,[],accuracy_association,0,0.0,0.00868654198711738,7,0.5034,0.9986,1.0
0,64,3.0,True,[],accuracy_association,0,0.0,0.01710649998858571,8,0.504,0.9992,1.0
0,64,3.0,True,[],accuracy_association,0,0.0,0.018940583046060055,9,0.501,0.9974,1.0
0,64,4.0,True,[],accuracy_association,0,0.0,0.01084433397045359,0,0.4944,1.0,1.0
0,64,4.0,True,[],accuracy_association,0,0.0,0.016942291986197233,1,0.4984,1.0,1.0
0,64,4.0,True,[],accuracy_association,0,0.0,0.012114165991079062,2,0.4908,1.0,1.0
0,64,4.0,True,[],accuracy_association,0,0.0,0.012366625014692545,3,0.4936,1.0,1.0
0,64,4.0,True,[],accuracy_association,0,0.0,0.019488791993353516,4,0.4836,1.0,1.0
0,64,4.0,True,[],accuracy_association,0,0.0,0.024518750025890768,5,0.4924,1.0,1.0
0,64,4.0,True,[],accuracy_association,0,0.0,0.010021624970249832,6,0.4952,1.0,1.0
0,64,4.0,True,[],accuracy_association,0,0.0,0.016750791983213276,7,0.4932,1.0,1.0
0,64,4.0,True,[],accuracy_association,0,0.0,0.014149166992865503,8,0.5016,1.0,1.0
0,64,4.0,True,[],accuracy_association,0,0.0,0.012528166989795864,9,0.5104,1.0,1.0
0,64,5.0,True,[],accuracy_association,0,0.0,0.012590874976012856,0,0.5092,1.0,1.0
0,64,5.0,True,[],accuracy_association,0,0.0,0.021831166988704354,1,0.4872,1.0,1.0
0,64,5.0,True,[],accuracy_association,0,0.0,0.018942666007205844,2,0.494,1.0,1.0
0,64,5.0,True,[],accuracy_association,0,0.0,0.014502208970952779,3,0.4984,1.0,1.0
0,64,5.0,True,[],accuracy_association,0,0.0,0.012845667020883411,4,0.5024,1.0,1.0
0,64,5.0,True,[],accuracy_association,0,0.0,0.013782249996438622,5,0.4936,1.0,1.0
0,64,5.0,True,[],accuracy_association,0,0.0,0.024851541966199875,6,0.4956,1.0,1.0
0,64,5.0,True,[],accuracy_association,0,0.0,0.020395125029608607,7,0.5032,1.0,1.0
0,64,5.0,True,[],accuracy_association,0,0.0,0.01500708400271833,8,0.4912,1.0,1.0
0,64,5.0,True,[],accuracy_association,0,0.0,0.012811082997359335,9,0.5072,1.0,1.0
0,64,6.0,True,[],accuracy_association,0,0.0,0.010696084005758166,0,0.4872,1.0,1.0
0,64,6.0,True,[],accuracy_association,0,0.0,0.015789832978043705,1,0.5148,1.0,1.0
0,64,6.0,True,[],accuracy_association,0,0.0,0.015163749980274588,2,0.5116,1.0,1.0
0,64,6.0,True,[],accuracy_association,0,0.0,0.01371858298080042,3,0.5072,1.0,1.0
0,64,6.0,True,[],accuracy_association,0,0.0,0.016967417031992227,4,0.5068,1.0,1.0
0,64,6.0,True,[],accuracy_association,0,0.0,0.012800000025890768,5,0.4988,1.0,1.0
0,64,6.0,True,[],accuracy_association,0,0.0,0.018226457992568612,6,0.5016,1.0,1.0
0,64,6.0,True,[],accuracy_association,0,0.0,0.02076004195259884,7,0.4976,1.0,1.0
0,64,6.0,True,[],accuracy_association,0,0.0,0.01640912500442937,8,0.4992,1.0,1.0
0,64,6.0,True,[],accuracy_association,0,0.0,0.01493900001514703,9,0.4868,1.0,1.0
